"","","32.44%","","","","","","Apr","","","","","","","Nov","","","","","","","","","","","","","","","","","","","","","","","","","",""
"","","76.54%","","","6.01%","0.68%","5.77%","10.78%","4.19%","-2.20%","2.96%","2.03%","2.34%","1.75%","0.66%","0.67%","","38.80%","32.44%","","","","","","","","","","","","","","","","","","","","","",""
"","","","","","5.16%","0.27%","5.57%","8.73%","4.63%","-4.00%","2.64%","1.71%","2.01%","1.42%","0.43%","0.44%","","","","","","","","","","","","","","","","","","","","","","","","",""
"","","","","","2.69%","-1.27%","-4.18%","-0.20%","6.15%","4.96%","1.31%","1.91%","3.28%","2.04%","0.25%","-0.22%","","","","","","","","","","","","","","","","","","","","","","","","",""
"","","","","","","","","","","","","","","","","","","","","","","","","","","","","20.53","","","","","","","","","","","","",""
"","","","","","","","","Month","","","","","","","Q","","","","","","","","","","","","","","","","","","","","","","","","","",""
"","","","","","","","","","","","","","","","","","","","$18,109,000","","","","","","","","","","","","","","","","","","","","","Perfect 40% Return 90 Degrees",""
"12/31/2024","$4,851,000","0.00%","586.08","511.23","0.00%","0.00%","0.00%","","","","","","","","","","","","","","","","$4,851,000","$4,851,000","0.00%","","","17.35","","","","","","","","","0.00%","","0.16%","",""
"1/2/2025","$5,389,000","0.29%","584.64","510.23","0.29%","-0.25%","-0.20%","","0.29%","","","","","","","","","","$524,000","","","","$5,389,000","$5,389,000","0.00%","","1.25%","17.93","","","","","","","","","-0.96%","","0.32%","",""
"1/3/2025","$5,480,000","1.69%","591.95","518.58","1.98%","1.00%","1.44%","","1.98%","","1.98%","","","","","","","","","","","","$5,480,000","$5,480,000","0.00%","","0.58%","16.13","","","","","","","","","1.11%","","0.48%","",""
"1/6/2025","$5,508,000","0.51%","595.36","524.54","2.50%","1.58%","2.60%","","2.50%","","","","","","","","","","","","","","$5,508,000","$5,508,000","0.00%","","-1.13%","16.04","","","","","","","","","1.64%","","0.64%","",""
"1/7/2025","$5,487,000","-0.38%","588.63","515.18","2.11%","0.44%","0.77%","","2.11%","-0.38%","","","","","","","","","","","","","$5,487,000","$5,508,000","-0.38%","","0.15%","17.82","","","","","","","","","-0.53%","","0.80%","",""
"1/8/2025","$5,482,000","-0.09%","589.49","515.27","2.02%","0.58%","0.79%","","2.02%","-0.09%","","","","","","","","","","","","","$5,482,000","$5,508,000","-0.47%","","-1.53%","17.7","","","","","","","","","1.44%","","0.96%","",""
"1/9/2025","$5,482,000","0.00%","580.49","507.19","2.02%","-0.95%","-0.79%","","2.02%","","","","","","","","","","","","","","$5,482,000","$5,508,000","-0.47%","","0.00%","19.54","","","","","","","","","0.00%","","1.12%","",""
"1/10/2025","$5,505,000","0.42%","580.49","507.19","2.45%","-0.95%","-0.79%","","2.45%","","0.46%","","","","","","","","","","","","$5,505,000","$5,508,000","-0.05%","4","0.16%","19.54","","","","","","","","","0.26%","","1.28%","",""
"1/13/2025","$5,582,000","1.40%","581.39","505.56","3.88%","-0.80%","-1.11%","","3.88%","","","","","","","","","","","","","","$5,582,000","$5,582,000","0.00%","","0.14%","19.19","","","","","","","","","1.26%","","1.44%","",""
"1/14/2025","$5,518,000","-1.15%","582.19","505.08","2.69%","-0.66%","-1.20%","","2.69%","-1.15%","","","","","","","","","","","","","$5,518,000","$5,582,000","-1.16%","1","1.82%","18.71","","","","","","","","","-2.97%","","1.60%","",""
"1/15/2025","$5,606,000","1.59%","592.78","516.7","4.33%","1.14%","1.07%","","4.33%","","","","","","","","","","","","","","$5,606,000","$5,606,000","0.00%","","-0.19%","16.12","","","","","","","","","1.79%","","1.76%","",""
"1/16/2025","$5,581,000","-0.45%","591.64","513.08","3.86%","0.95%","0.36%","","3.86%","-0.45%","","","","","","","","","","","","","$5,581,000","$5,606,000","-0.45%","1","1.00%","16.6","","","","","","","","","-1.45%","","1.92%","",""
"1/17/2025","$5,715,000","2.40%","597.58","521.74","6.36%","1.96%","2.06%","","6.36%","","3.80%","","","","","","","","","","","","$5,715,000","$5,715,000","0.00%","","0.92%","15.97","","","","","","","","","1.49%","","2.08%","",""
"1/21/2025","$5,821,000","1.85%","603.05","524.8","8.33%","2.90%","2.65%","","8.33%","","","","","","","","","","","","","","$5,821,000","$5,821,000","0.00%","","0.56%","15.06","","","","","","","","","1.29%","","2.24%","",""
"1/22/2025","$5,894,000","1.25%","606.44","531.51","9.69%","3.47%","3.97%","","9.69%","","","","","","","","","","","","","","$5,894,000","$5,894,000","0.00%","","0.55%","15.1","","","","","","","","","0.71%","","2.40%","",""
"1/23/2025","$5,903,000","0.15%","609.75","532.64","9.85%","4.04%","4.19%","","9.85%","","","","","","","","","","","","","","$5,903,000","$5,903,000","0.00%","","-0.29%","15.02","","","","","","","","","0.44%","","2.56%","",""
"1/24/2025","$5,957,000","0.91%","607.97","529.63","10.86%","3.73%","3.60%","","10.86%","","","","","","","","","","","","","","$5,957,000","$5,957,000","0.00%","","-1.41%","14.85","","","","","","","","","2.33%","","2.72%","",""
"1/27/2025","$5,806,000","-2.53%","599.37","514.21","8.05%","2.27%","0.58%","","8.05%","-2.53%","1.64%","","","","","","","","","","","","$5,806,000","$5,957,000","-2.60%","","0.86%","17.9","","","","","","","","","-3.39%","","2.88%","",""
"1/28/2025","$5,863,000","0.98%","604.52","521.81","9.11%","3.15%","2.07%","","9.11%","","","","","","","","","","","","","","$5,863,000","$5,957,000","-1.60%","","-0.45%","16.41","","","","","","","","","1.43%","","3.04%","",""
"1/29/2025","$5,855,000","-0.14%","601.81","520.83","8.96%","2.68%","1.88%","","8.96%","-0.14%","","","","","","","","","","","","","$5,855,000","$5,957,000","-1.74%","","0.54%","16.56","","","","","","","","","-0.67%","","3.20%","",""
"1/30/2025","$5,719,000","-2.32%","605.04","523.05","6.43%","3.24%","2.31%","","6.43%","-2.32%","","","","","","","","","","","","","$5,719,000","$5,957,000","-4.16%","","-0.53%","15.84","","","","","","","","","-1.79%","","3.36%","",""
"1/31/2025","$5,701,000","-0.31%","601.82","522.29","6.09%","2.69%","2.16%","January","6.09%","-0.31%","-4.33%","6.09%","2.69%","2.16%","","","","","","$326,000","","","$5,701,000","$5,957,000","-4.49%","","-0.67%","16.43","","","","","","","","","0.36%","","3.52%","",""
"2/3/2025","$7,126,000","0.61%","597.77","518.11","6.75%","1.99%","1.35%","","0.61%","","","","","","","","","","$1,390,000","","","","$7,126,000","$7,347,000","-3.10%","","0.67%","18.62","","","","","","","","","-0.06%","","3.68%","",""
"2/4/2025","$7,454,000","1.09%","601.78","524.47","7.91%","2.68%","2.59%","","1.72%","","","","","","","","","","$250,000","","","","$7,454,000","$7,597,000","-1.92%","","0.41%","17.21","","","","","","","","","0.69%","","3.84%","",""
"2/5/2025","$7,526,000","0.97%","604.22","526.85","8.96%","3.10%","3.06%","","2.70%","","","","","","","","","","","","","","$7,526,000","$7,597,000","-0.94%","","0.35%","15.77","","","","","","","","","0.62%","","4.00%","",""
"2/6/2025","$7,495,000","-0.41%","606.32","529.6","8.51%","3.45%","3.59%","","2.27%","-0.41%","","","","","","","","","","","","","$7,495,000","$7,597,000","-1.36%","","-0.92%","15.5","","","","","","","","","0.50%","","4.16%","",""
"2/7/2025","$7,516,000","0.28%","600.77","522.92","8.81%","2.51%","2.29%","","2.56%","","2.54%","","","","","","","","","","","","$7,516,000","$7,597,000","-1.08%","","0.68%","16.54","","","","","","","","","-0.40%","","4.32%","",""
"2/10/2025","$7,572,000","0.75%","604.85","529.25","9.62%","3.20%","3.52%","","3.33%","","","","","","","","","","","","","","$7,572,000","$7,597,000","-0.33%","11","0.08%","15.81","","","","","","","","","0.67%","","4.48%","",""
"2/11/2025","$7,605,000","0.44%","605.31","527.99","10.10%","3.28%","3.28%","","3.78%","","","","","","","","","","","","","","$7,605,000","$7,605,000","0.00%","","-0.32%","16.02","","","","","","","","","0.76%","","4.64%","",""
"2/12/2025","$7,514,000","-1.20%","603.36","528.3","8.78%","2.95%","3.34%","","2.53%","-1.20%","","","","","","","","","","","","","$7,514,000","$7,605,000","-1.21%","","1.06%","15.89","","","","","","","","","-2.25%","","4.80%","",""
"2/13/2025","$7,547,000","0.44%","609.73","535.9","9.26%","4.04%","4.83%","","2.98%","","","","","","","","","","","","","","$7,547,000","$7,605,000","-0.77%","","0.00%","15.1","","","","","","","","","0.44%","","4.96%","",""
"2/14/2025","$7,585,000","0.50%","609.7","538.15","9.81%","4.03%","5.27%","","3.50%","","0.93%","","","","","","","","","","","","$7,585,000","$7,605,000","-0.26%","","0.29%","14.77","","","","","","","","","0.21%","","5.12%","",""
"2/18/2025","$7,550,000","-0.46%","611.49","539.37","9.30%","4.34%","5.50%","","3.03%","-0.46%","","","","","","","","","","","","","$7,550,000","$7,605,000","-0.73%","","0.24%","15.35","","","","","","","","","-0.70%","","5.28%","",""
"2/19/2025","$7,553,000","0.04%","612.93","539.52","9.35%","4.58%","5.53%","","3.07%","","","","","","","","","","","","","","$7,553,000","$7,605,000","-0.69%","","-0.42%","15.27","","","","","","","","","0.46%","","5.44%","",""
"2/20/2025","$7,545,000","-0.11%","610.38","537.23","9.23%","4.15%","5.09%","","2.96%","-0.11%","","","","","","","","","","","","","$7,545,000","$7,605,000","-0.80%","6","-1.71%","15.66","","","","","","","","","1.60%","","5.60%","",""
"2/21/2025","$7,694,000","1.97%","599.94","526.08","11.39%","2.36%","2.90%","","4.99%","","1.95%","","","","","","","","","","","","$7,694,000","$7,694,000","0.00%","","-0.46%","18.21","","","","","","","","","2.43%","","5.76%","",""
"2/24/2025","$7,691,000","-0.04%","597.21","519.87","11.35%","1.90%","1.69%","","4.95%","-0.04%","","","","","","","","","","","","","$7,691,000","$7,694,000","-0.04%","","-0.50%","18.98","","","","","","","","","0.46%","","5.92%","",""
"2/25/2025","$7,629,000","-0.81%","594.24","513.32","10.45%","1.39%","0.41%","","4.10%","-0.81%","","","","","","","","","","","","","$7,629,000","$7,694,000","-0.85%","","0.05%","19.43","","","","","","","","","-0.86%","","6.08%","",""
"2/26/2025","$7,628,000","-0.01%","594.54","514.56","10.43%","1.44%","0.65%","","4.09%","-0.01%","","","","","","","","","","","","","$7,628,000","$7,694,000","-0.87%","","-1.60%","19.1","","","","","","","","","1.58%","","6.24%","",""
"2/27/2025","$7,634,000","0.08%","585.05","500.27","10.52%","-0.18%","-2.14%","","4.17%","","","","","","","","","","","","","","$7,634,000","$7,694,000","-0.79%","","1.56%","21.13","","","","","","","","","-1.48%","","6.40%","",""
"2/28/2025","$7,390,000","-3.20%","594.18","508.17","6.99%","1.38%","-0.60%","February","0.84%","-3.20%","-3.98%","0.84%","-1.27%","-2.70%","","","","","","$49,000","","","$7,390,000","$7,694,000","-4.11%","","-1.75%","19.63","","","","","","","","","-1.44%","","6.56%","",""
"3/3/2025","$7,344,000","-0.62%","583.77","497.05","6.32%","-0.39%","-2.77%","","-0.62%","-0.62%","","","","","","","","","","","","","$7,344,000","$7,694,000","-4.77%","","-1.18%","22.78","","","","","","","","","0.56%","","6.72%","",""
"3/4/2025","$8,227,000","-0.91%","576.86","495.55","5.35%","-1.57%","-3.07%","","-1.53%","-0.91%","","","","","","","","","$950,000","","","","$8,227,000","$8,644,000","-5.07%","","1.07%","23.51","","","","","","","","","-1.99%","","6.88%","",""
"3/5/2025","$8,297,000","0.85%","583.06","502.01","6.25%","-0.52%","-1.80%","","-0.69%","","","","","","","","","","","","","","$8,297,000","$8,644,000","-4.18%","","-1.78%","21.93","","","","","","","","","2.63%","","7.04%","",""
"3/6/2025","$8,264,000","-0.40%","572.71","488.2","5.83%","-2.28%","-4.50%","","-1.09%","-0.40%","","","","","","","","","","","","","$8,264,000","$8,644,000","-4.60%","","0.56%","24.87","","","","","","","","","-0.96%","","7.20%","",""
"3/7/2025","$8,236,000","-0.34%","575.92","491.79","5.47%","-1.73%","-3.80%","","-1.42%","-0.34%","-1.42%","","","","","","","","","","","","$8,236,000","$8,644,000","-4.95%","","-2.66%","23.37","","","","","","","","","2.32%","","7.36%","",""
"3/10/2025","$8,122,000","-1.38%","560.58","472.73","4.01%","-4.35%","-7.53%","","-2.79%","-1.38%","","","","","","","","","","","","","$8,122,000","$8,644,000","-6.43%","","-0.83%","27.86","","","","","","","","","-0.55%","","7.52%","",""
"3/11/2025","$8,150,000","0.34%","555.92","471.6","4.37%","-5.15%","-7.75%","","-2.45%","","","","","","","","","","","","","","$8,150,000","$8,644,000","-6.06%","","0.53%","26.92","","","","","","","","","-0.19%","","7.68%","",""
"3/12/2025","$8,187,000","0.45%","558.87","476.92","4.84%","-4.64%","-6.71%","","-2.01%","","","","","","","","","","","","","","$8,187,000","$8,644,000","-5.58%","","-1.33%","24.23","","","","","","","","","1.79%","","7.84%","",""
"3/13/2025","$8,286,000","1.21%","551.42","468.34","6.11%","-5.91%","-8.39%","","-0.82%","","","","","","","","","","","","","","$8,286,000","$8,644,000","-4.32%","","2.07%","24.66","","","","","","","","","-0.86%","","8.00%","",""
"3/14/2025","$8,344,000","0.70%","562.81","479.66","6.85%","-3.97%","-6.18%","","-0.13%","","1.32%","","","","","","","","","","","","$8,344,000","$8,644,000","-3.60%","","0.77%","21.77","","","","","","","","","-0.07%","","8.16%","",""
"3/17/2025","$8,421,000","0.92%","567.15","482.77","7.84%","-3.23%","-5.57%","","0.79%","","","","","","","","","","","","","","$8,421,000","$8,644,000","-2.65%","","-1.08%","20.51","","","","","","","","","2.00%","","8.32%","",""
"3/18/2025","$8,530,000","1.29%","561.02","474.54","9.23%","-4.28%","-7.18%","","2.10%","","","","","","","","","","","","","","$8,530,000","$8,644,000","-1.34%","","1.09%","21.7","","","","","","","","","0.21%","","8.48%","",""
"3/19/2025","$8,566,000","0.42%","567.13","480.89","9.69%","-3.23%","-5.93%","","2.53%","","","","","","","","","","","","","","$8,566,000","$8,644,000","-0.91%","","-0.29%","19.9","","","","","","","","","0.71%","","8.64%","",""
"3/20/2025","$8,549,000","-0.20%","565.49","479.26","9.48%","-3.51%","-6.25%","","2.33%","-0.20%","","","","","","","","","","","","","$8,549,000","$8,644,000","-1.11%","","-0.27%","19.8","","","","","","","","","0.07%","","8.80%","",""
"3/21/2025","$8,623,000","0.87%","563.98","480.84","10.42%","-3.77%","-5.94%","","3.21%","","3.31%","","","","","","","","","","","","$8,623,000","$8,644,000","-0.24%","20","1.79%","19.28","","","","","","","","","-0.93%","","8.96%","",""
"3/24/2025","$8,672,000","0.57%","574.08","490.66","11.05%","-2.05%","-4.02%","","3.80%","","","","","","","","","","","","","","$8,672,000","$8,672,000","0.00%","","0.24%","17.48","","","","","","","","","0.33%","","9.12%","",""
"3/25/2025","$8,781,000","1.26%","575.46","493.46","12.45%","-1.81%","-3.48%","","5.10%","","","","","","","","","","","","","","$8,781,000","$8,781,000","0.00%","","-1.19%","17.15","","","","","","","","","2.45%","","9.28%","",""
"3/26/2025","$8,774,000","-0.08%","568.59","484.38","12.36%","-2.98%","-5.25%","","5.02%","-0.08%","","","","","","","","","","","","","$8,774,000","$8,781,000","-0.08%","","-0.27%","18.33","","","","","","","","","0.19%","","9.44%","",""
"3/27/2025","$8,740,000","-0.39%","567.08","481.62","11.92%","-3.24%","-5.79%","","4.61%","-0.39%","","","","","","","","","","","","","$8,740,000","$8,781,000","-0.47%","2","-2.01%","18.69","","","","","","","","","1.63%","","9.60%","",""
"3/28/2025","$8,816,000","0.87%","555.66","468.94","12.89%","-5.19%","-8.27%","","5.52%","","2.23%","","","","","","","","","","","","$8,816,000","$8,816,000","0.00%","","0.67%","21.65","","","","","","","","","0.20%","","9.76%","",""
"3/31/2025","$8,814,000","-0.02%","559.39","468.92","12.87%","-4.55%","-8.28%","March","5.50%","-0.02%","","5.50%","-5.86%","-7.72%","Q1","12.87%","-4.55%","-8.28%","","$474,000","","","$8,814,000","$8,816,000","-0.02%","","0.28%","22.28","","","","","","","","","-0.31%","","9.92%","",""
"4/1/2025","$9,752,000","-0.14%","560.97","472.7","12.72%","-4.28%","-7.54%","","-0.14%","-0.14%","","","","","","","","","$950,000","","","","$9,752,000","$9,766,000","-0.14%","","0.63%","21.77","","","","","","","","","-0.77%","","10.08%","",""
"4/2/2025","$9,704,000","-0.49%","564.52","476.15","12.16%","-3.68%","-6.86%","","-0.63%","-0.49%","","","","","","","","","","","","","$9,704,000","$9,766,000","-0.64%","3","-4.93%","21.51","","","","","","","","","4.44%","","10.24%","",""
"4/3/2025","$9,782,000","0.80%","536.7","450.66","13.06%","-8.43%","-11.85%","","0.17%","","","","","","","","","","","","","","$9,782,000","$9,782,000","0.00%","","-5.85%","30.02","","","","","","","","","6.66%","","10.40%","",""
"4/4/2025","$9,900,000","1.21%","505.28","422.67","14.43%","-13.79%","-17.32%","","1.38%","","1.36%","","","","","","","","","","","","$9,900,000","$9,900,000","0.00%","","-0.18%","45.31","","","","","","","","","1.38%","","10.56%","",""
"4/7/2025","$9,884,000","-0.16%","504.38","423.69","14.24%","-13.94%","-17.12%","","1.22%","-0.16%","","","","","","","","","","","","","$9,884,000","$9,900,000","-0.16%","1","-1.57%","46.98","","","","","","","","","1.40%","","10.72%","",""
"4/8/2025","$9,943,000","0.60%","496.48","416.06","14.92%","-15.29%","-18.62%","","1.82%","","","","","","","","","","","","","","$9,943,000","$9,943,000","0.00%","","10.50%","52.33","","","","","","","","","-9.91%","","10.88%","",""
"4/9/2025","$10,211,000","2.70%","548.62","466","18.02%","-6.39%","-8.85%","","4.56%","","","","","","","","","","","","","","$10,211,000","$10,211,000","0.00%","","-4.38%","33.62","","","","","","","","","7.08%","","11.04%","",""
"4/10/2025","$10,085,000","-1.23%","524.58","446.18","16.56%","-10.49%","-12.72%","","3.27%","-1.23%","","","","","","","","","","","","","$10,085,000","$10,211,000","-1.25%","","1.78%","40.72","","","","","","","","","-3.02%","","11.20%","",""
"4/11/2025","$10,185,000","0.99%","533.94","454.4","17.72%","-8.90%","-11.12%","","4.30%","","2.89%","","","","","","","","","","","","$10,185,000","$10,211,000","-0.26%","2","0.97%","37.56","","","","","","","","","0.02%","","11.36%","",""
"4/14/2025","$10,255,000","0.69%","539.12","457.48","18.53%","-8.01%","-10.51%","","5.01%","","","","","","","","","","","","","","$10,255,000","$10,255,000","0.00%","","-0.28%","30.89","","","","","","","","","0.97%","","11.52%","",""
"4/15/2025","$10,402,000","1.43%","537.61","457.99","20.23%","-8.27%","-10.41%","","6.52%","","","","","","","","","","","","","","$10,402,000","$10,402,000","0.00%","","-2.22%","30.12","","","","","","","","","3.66%","","11.68%","",""
"4/16/2025","$10,357,000","-0.43%","525.66","444.18","19.71%","-10.31%","-13.12%","","6.06%","-0.43%","","","","","","","","","","","","","$10,357,000","$10,402,000","-0.43%","","0.14%","32.64","","","","","","","","","-0.58%","","11.84%","",""
"4/17/2025","$10,343,000","-0.14%","526.41","444.1","19.55%","-10.18%","-13.13%","","5.92%","-0.14%","2.54%","","","","","","","","","","","","$10,343,000","$10,402,000","-0.57%","","-2.38%","29.65","","","","","","","","","2.25%","","12.00%","",""
"4/21/2025","$10,389,000","0.44%","513.88","433.11","20.08%","-12.32%","-15.28%","","6.39%","","","","","","","","","","","","","","$10,389,000","$10,402,000","-0.13%","","2.60%","33.82","","","","","","","","","-2.16%","","12.16%","",""
"4/22/2025","$10,310,000","-0.76%","527.25","444.48","19.16%","-10.04%","-13.06%","","5.58%","-0.76%","","","","","","","","","","","","","$10,310,000","$10,402,000","-0.89%","","1.55%","30.57","","","","","","","","","-2.31%","","12.32%","",""
"4/23/2025","$10,376,000","0.64%","535.42","454.56","19.93%","-8.64%","-11.09%","","6.25%","","","","","","","","","","","","","","$10,376,000","$10,402,000","-0.25%","5","2.10%","28.45","","","","","","","","","-1.46%","","12.48%","",""
"4/24/2025","$10,722,000","3.33%","546.69","467.35","23.93%","-6.72%","-8.58%","","9.80%","","","","","","","","","","","","","","$10,722,000","$10,722,000","0.00%","","0.72%","26.47","","","","","","","","","2.61%","","12.64%","",""
"4/25/2025","$10,810,000","0.82%","550.64","472.56","24.94%","-6.05%","-7.56%","","10.70%","","4.48%","","","","","","","","","","","","$10,810,000","$10,810,000","0.00%","","0.04%","24.84","","","","","","","","","0.78%","","12.80%","",""
"4/28/2025","$10,780,000","-0.28%","550.85","472.41","24.60%","-6.01%","-7.59%","","10.39%","-0.28%","","","","","","","","","","","","","$10,780,000","$10,810,000","-0.28%","1","0.63%","25.15","","","","","","","","","-0.91%","","12.96%","",""
"4/29/2025","$10,836,000","0.52%","554.32","475.53","25.24%","-5.42%","-6.98%","","10.96%","","","","","","","","","","","","","","$10,836,000","$10,836,000","0.00%","","0.04%","24.17","","","","","","","","","0.48%","","13.12%","",""
"4/30/2025","$10,833,000","-0.03%","554.54","475.47","25.21%","-5.38%","-6.99%","April","10.93%","-0.03%","","10.93%","-0.87%","1.40%","","","","","","$1,069,000","","","$10,833,000","$10,836,000","-0.03%","","0.71%","24.7","","","","","","","","","-0.74%","","13.28%","",""
"5/1/2025","$13,570,000","-1.97%","558.47","481.68","22.75%","-4.71%","-5.78%","","-1.97%","-1.97%","","","","","","","","","$2,950,000","","","","$13,570,000","$13,786,000","-1.59%","2","1.48%","24.6","","","","","","","","","-3.45%","","13.44%","",""
"5/2/2025","$13,831,000","1.92%","566.76","488.83","25.11%","-3.30%","-4.38%","","-0.08%","","0.17%","","","","","","","","","","","","$13,831,000","$13,831,000","0.00%","","-0.57%","22.68","","","","","","","","","2.50%","","13.60%","",""
"5/5/2025","$13,847,000","0.12%","563.51","485.93","25.25%","-3.85%","-4.95%","","0.03%","","","","","","","","","","","","","","$13,847,000","$13,847,000","0.00%","","-0.84%","23.64","","","","","","","","","0.95%","","13.76%","",""
"5/6/2025","$13,744,000","-0.74%","558.8","481.41","24.32%","-4.65%","-5.83%","","-0.71%","-0.74%","","","","","","","","","","","","","$13,744,000","$13,847,000","-0.75%","","0.42%","24.76","","","","","","","","","-1.16%","","13.92%","",""
"5/7/2025","$13,787,000","0.31%","561.15","483.3","24.71%","-4.25%","-5.46%","","-0.40%","","","","","","","","","","","","","","$13,787,000","$13,847,000","-0.44%","","0.70%","23.55","","","","","","","","","-0.38%","","14.08%","",""
"5/8/2025","$13,833,000","0.33%","565.06","488.29","25.13%","-3.59%","-4.49%","","-0.07%","","","","","","","","","","","","","","$13,833,000","$13,847,000","-0.10%","3","-0.13%","22.48","","","","","","","","","0.46%","","14.24%","",""
"5/9/2025","$14,024,000","1.38%","564.34","487.97","26.85%","-3.71%","-4.55%","","1.31%","","1.40%","","","","","","","","","","","","$14,024,000","$14,024,000","0.00%","","3.30%","21.9","","","","","","","","","-1.92%","","14.40%","",""
"5/12/2025","$14,247,000","1.59%","582.99","507.85","28.87%","-0.53%","-0.66%","","2.92%","","","","","","","","","","","","","","$14,247,000","$14,247,000","0.00%","","0.66%","18.39","","","","","","","","","0.93%","","14.56%","",""
"5/13/2025","$14,332,000","0.60%","586.84","515.59","29.64%","0.13%","0.85%","","3.54%","","","","","","","","","","","","","","$14,332,000","$14,332,000","0.00%","","0.13%","18.22","","","","","","","","","0.47%","","14.72%","",""
"5/14/2025","$14,310,000","-0.15%","587.59","518.68","29.44%","0.26%","1.46%","","3.38%","-0.15%","","","","","","","","","","","","","$14,310,000","$14,332,000","-0.15%","","0.49%","18.62","","","","","","","","","-0.64%","","14.88%","",""
"5/15/2025","$14,301,000","-0.06%","590.46","519.25","29.36%","0.75%","1.57%","","3.31%","-0.06%","","","","","","","","","","","","","$14,301,000","$14,332,000","-0.22%","2","0.63%","17.83","","","","","","","","","-0.70%","","15.04%","",""
"5/16/2025","$14,422,000","0.85%","594.2","521.51","30.45%","1.39%","2.01%","","4.19%","","2.82%","","","","","","","","","","","","$14,422,000","$14,422,000","0.00%","","0.11%","17.24","","","","","","","","","0.74%","","15.20%","",""
"5/19/2025","$14,457,000","0.24%","594.85","522.01","30.77%","1.50%","2.11%","","4.44%","","","","","","","","","","","","","","$14,457,000","$14,457,000","0.00%","","-0.34%","18.14","","","","","","","","","0.58%","","15.36%","",""
"5/20/2025","$14,451,000","-0.04%","592.85","520.27","30.72%","1.16%","1.77%","","4.40%","-0.04%","","","","","","","","","","","","","$14,451,000","$14,457,000","-0.04%","","-1.69%","18.09","","","","","","","","","1.64%","","15.52%","",""
"5/21/2025","$14,297,000","-1.07%","582.86","513.04","29.32%","-0.55%","0.35%","","3.29%","-1.07%","","","","","","","","","","","","","$14,297,000","$14,457,000","-1.12%","","0.00%","20.87","","","","","","","","","-1.07%","","15.68%","",""
"5/22/2025","$14,198,000","-0.69%","582.86","514","28.43%","-0.55%","0.54%","","2.57%","-0.69%","","","","","","","","","","","","","$14,198,000","$14,457,000","-1.82%","","-0.64%","20.28","","","","","","","","","-0.05%","","15.84%","",""
"5/23/2025","$14,390,000","1.35%","579.11","509.24","30.17%","-1.19%","-0.39%","","3.96%","","-0.20%","","","","","","","","","","","","$14,390,000","$14,457,000","-0.47%","4","2.08%","22.29","","","","","","","","","-0.73%","","16.00%","",""
"5/27/2025","$14,606,000","1.50%","591.15","521.22","32.12%","0.87%","1.95%","","5.52%","","","","","","","","","","","","","","$14,606,000","$14,606,000","0.00%","","-0.58%","18.96","","","","","","","","","2.08%","","16.16%","",""
"5/28/2025","$14,487,000","-0.81%","587.73","518.91","31.04%","0.28%","1.50%","","4.66%","-0.81%","","","","","","","","","","","","","$14,487,000","$14,606,000","-0.82%","","0.39%","19.31","","","","","","","","","-1.21%","","16.32%","",""
"5/29/2025","$14,472,000","-0.10%","590.05","519.93","30.91%","0.68%","1.70%","","4.55%","-0.10%","","","","","","","","","","","","","$14,472,000","$14,606,000","-0.93%","","-0.11%","19.18","","","","","","","","","0.01%","","16.48%","",""
"5/30/2025","$14,350,000","-0.84%","589.39","519.11","29.80%","0.56%","1.54%","May","3.67%","-0.84%","-0.26%","3.67%","6.28%","9.18%","","","","","","$567,000","","","$14,350,000","$14,606,000","-1.78%","","0.56%","18.57","","","","","","","","","-1.41%","","16.64%","",""
"6/2/2025","$18,160,000","0.80%","592.71","523.21","30.84%","1.13%","2.34%","","0.80%","","","","","","","","","","$3,695,000","","","","$18,160,000","$18,301,000","-0.78%","","0.57%","18.36","","","","","","","","","0.23%","","16.80%","",""
"6/3/2025","$18,272,000","0.62%","596.09","527.3","31.65%","1.71%","3.14%","","1.42%","","","","","","","","","","","","","","$18,272,000","$18,301,000","-0.16%","","-0.03%","17.69","","","","","","","","","0.64%","","16.96%","",""
"6/4/2025","$18,290,000","0.10%","595.93","528.77","31.78%","1.68%","3.43%","","1.52%","","","","","","","","","","","","","","$18,290,000","$18,301,000","-0.06%","","-0.48%","17.61","","","","","","","","","0.58%","","17.12%","",""
"6/5/2025","$18,021,000","-1.47%","593.05","524.79","29.84%","1.19%","2.65%","","0.03%","-1.47%","","","","","","","","","","","","","$18,021,000","$18,301,000","-1.55%","","1.03%","18.48","","","","","","","","","-2.50%","","17.28%","",""
"6/6/2025","$17,895,000","-0.70%","599.14","529.92","28.93%","2.23%","3.66%","","-0.67%","-0.70%","-0.65%","","","","","","","","","","","","$17,895,000","$18,301,000","-2.27%","","0.09%","16.77","","","","","","","","","-0.79%","","17.44%","",""
"6/9/2025","$17,905,000","0.06%","599.68","530.7","29.01%","2.32%","3.81%","","-0.61%","","","","","","","","","","","","","","$17,905,000","$18,301,000","-2.21%","","0.57%","17.16","","","","","","","","","-0.51%","","17.60%","",""
"6/10/2025","$17,623,000","-1.57%","603.08","534.21","26.97%","2.90%","4.50%","","-2.18%","-1.57%","","","","","","","","","","","","","$17,623,000","$18,301,000","-3.85%","","-0.29%","16.95","","","","","","","","","-1.29%","","17.76%","",""
"6/11/2025","$17,562,000","-0.35%","601.36","532.41","26.54%","2.61%","4.14%","","-2.52%","-0.35%","","","","","","","","","","","","","$17,562,000","$18,301,000","-4.21%","","0.40%","17.26","","","","","","","","","-0.74%","","17.92%","",""
"6/12/2025","$17,647,000","0.48%","603.75","533.66","27.15%","3.01%","4.39%","","-2.05%","","","","","","","","","","","","","","$17,647,000","$18,301,000","-3.71%","","-1.12%","18.02","","","","","","","","","1.60%","","18.08%","",""
"6/13/2025","$17,403,000","-1.38%","597","526.96","25.39%","1.86%","3.08%","","-3.40%","-1.38%","-2.76%","","","","","","","","","","","","$17,403,000","$18,301,000","-5.16%","","0.95%","20.82","","","","","","","","","-2.33%","","18.24%","",""
"6/16/2025","$17,534,000","0.75%","602.68","534.29","26.33%","2.83%","4.51%","","-2.67%","","","","","","","","","","","","","","$17,534,000","$18,301,000","-4.37%","","-0.85%","19.11","","","","","","","","","1.61%","","18.40%","",""
"6/17/2025","$17,607,000","0.42%","597.53","529.08","26.86%","1.95%","3.49%","","-2.27%","","","","","","","","","","","","","","$17,607,000","$18,301,000","-3.94%","","-0.02%","21.6","","","","","","","","","0.43%","","18.56%","",""
"6/18/2025","$17,622,000","0.09%","597.44","528.99","26.97%","1.94%","3.47%","","-2.18%","","","","","","","","","","","","","","$17,622,000","$18,301,000","-3.85%","","-0.53%","20.14","","","","","","","","","0.61%","","18.72%","",""
"6/19/2025","$17,622,000","0.00%","594.28","526.83","26.97%","1.40%","3.05%","","-2.18%","","","","","","","","","","","","","","$17,622,000","$18,301,000","-3.85%","","0.00%","20.62","","","","","","","","","0.00%","","18.88%","",""
"6/20/2025","$17,600,000","-0.12%","594.28","526.83","26.81%","1.40%","3.05%","","-2.31%","-0.12%","1.13%","","","","","","","","","","","","$17,600,000","$18,301,000","-3.98%","","0.99%","20.62","","","","","","","","","-1.11%","","19.04%","",""
"6/23/2025","$17,310,000","-1.65%","600.15","531.65","24.72%","2.40%","3.99%","","-3.92%","-1.65%","","","","","","","","","","","","","$17,310,000","$18,301,000","-5.73%","","1.10%","19.83","","","","","","","","","-2.75%","","19.20%","",""
"6/24/2025","$17,673,000","2.10%","606.78","539.78","27.33%","3.53%","5.58%","","-1.90%","","","","","","","","","","","","","","$17,673,000","$18,301,000","-3.55%","","0.06%","17.48","","","","","","","","","2.04%","","19.36%","",""
"6/25/2025","$17,706,000","0.19%","607.12","541.16","27.57%","3.59%","5.85%","","-1.72%","","","","","","","","","","","","","","$17,706,000","$18,301,000","-3.36%","","0.78%","16.76","","","","","","","","","-0.60%","","19.52%","",""
"6/26/2025","$17,935,000","1.29%","611.87","546.22","29.22%","4.40%","6.84%","","-0.45%","","","","","","","","","","","","","","$17,935,000","$18,301,000","-2.04%","","0.50%","16.59","","","","","","","","","0.80%","","19.68%","",""
"6/27/2025","$17,721,000","-1.19%","614.91","548.09","27.68%","4.92%","7.21%","","-1.64%","-1.19%","0.74%","","","","","","","","","","","","$17,721,000","$18,301,000","-3.27%","","0.48%","16.32","","","","","","","","","-1.67%","","19.84%","",""
"6/30/2025","$17,664,000","-0.32%","617.85","551.64","27.27%","5.42%","7.90%","June","-1.95%","-0.32%","","-1.95%","4.83%","6.27%","Q2","12.76%","10.45%","17.64%","","-$381,000","","","$17,664,000","$18,301,000","-3.61%","","-0.03%","16.73","","","","","","","","","-0.29%","","20.00%","",""
"7/1/2025","$19,890,000","-1.55%","617.65","546.99","25.30%","5.39%","6.99%","","-3.47%","-1.55%","","","","","","","","","$2,500,000","","","","$19,890,000","$20,801,000","-4.58%","","0.45%","16.83","","","","","","","","","-2.00%","","20.16%","",""
"7/2/2025","$20,137,000","1.24%","620.45","550.8","26.85%","5.86%","7.74%","","-0.31%","","","","","","","","","","","","","","$20,137,000","$20,801,000","-3.30%","","0.79%","16.64","","","","","","","","","0.45%","","20.32%","",""
"7/3/2025","$20,418,000","1.40%","625.34","556.22","28.62%","6.70%","8.80%","","1.08%","","0.76%","","","","","","","","","","","","$20,418,000","$20,801,000","-1.88%","","-0.75%","16.38","","","","","","","","","2.14%","","20.48%","",""
"7/7/2025","$20,404,000","-0.07%","620.68","552.03","28.53%","5.90%","7.98%","","1.01%","-0.07%","","","","","","","","","","","","","$20,404,000","$20,801,000","-1.95%","","-0.05%","17.79","","","","","","","","","-0.01%","","20.64%","",""
"7/8/2025","$20,394,000","-0.05%","620.34","552.34","28.47%","5.85%","8.04%","","0.96%","-0.05%","","","","","","","","","","","","","$20,394,000","$20,801,000","-2.00%","","0.60%","16.81","","","","","","","","","-0.65%","","20.80%","",""
"7/9/2025","$20,548,000","0.76%","624.06","556.25","29.44%","6.48%","8.81%","","1.73%","","","","","","","","","","","","","","$20,548,000","$20,801,000","-1.23%","","0.28%","15.94","","","","","","","","","0.47%","","20.96%","",""
"7/10/2025","$20,621,000","0.36%","625.82","555.45","29.90%","6.78%","8.65%","","2.09%","","","","","","","","","","","","","","$20,621,000","$20,801,000","-0.87%","","-0.35%","15.78","","","","","","","","","0.71%","","21.12%","",""
"7/11/2025","$20,628,000","0.03%","623.62","554.2","29.94%","6.41%","8.41%","","2.12%","","1.03%","","","","","","","","","","","","$20,628,000","$20,801,000","-0.84%","32","0.19%","16.4","","","","","","","","","-0.16%","","21.28%","",""
"7/14/2025","$20,717,000","1.40%","624.81","556.21","31.77%","6.61%","8.80%","","3.55%","","","","","","","","","","-$200,000","","","","$20,717,000","$20,717,000","0.00%","","-0.43%","17.2","","","","","","","","","1.83%","","21.44%","",""
"7/15/2025","$20,544,000","-0.84%","622.14","556.72","30.66%","6.15%","8.90%","","2.69%","-0.84%","","","","","","","","","","","","","$20,544,000","$20,717,000","-0.84%","","0.33%","17.38","","","","","","","","","-1.17%","","21.60%","",""
"7/16/2025","$20,489,000","-0.27%","624.22","557.29","30.32%","6.51%","9.01%","","2.41%","-0.27%","","","","","","","","","","","","","$20,489,000","$20,717,000","-1.11%","","0.61%","17.16","","","","","","","","","-0.88%","","21.76%","",""
"7/17/2025","$20,658,000","0.82%","628.04","561.8","31.39%","7.16%","9.89%","","3.26%","","","","","","","","","","","","","","$20,658,000","$20,717,000","-0.29%","3","-0.07%","16.52","","","","","","","","","0.90%","","21.92%","",""
"7/18/2025","$20,875,000","1.05%","627.58","561.26","32.77%","7.08%","9.79%","","4.34%","","2.17%","","","","","","","","","","","","$20,875,000","$20,875,000","0.00%","","0.19%","16.41","","","","","","","","","0.86%","","22.08%","",""
"7/21/2025","$20,695,000","-0.86%","628.77","564.17","31.63%","7.28%","10.36%","","3.44%","-0.86%","","","","","","","","","","","","","$20,695,000","$20,875,000","-0.87%","","0.01%","16.65","","","","","","","","","-0.88%","","22.24%","",""
"7/22/2025","$20,614,000","-0.39%","628.86","561.25","31.11%","7.30%","9.78%","","3.04%","-0.39%","","","","","","","","","","","","","$20,614,000","$20,875,000","-1.27%","","0.85%","16.5","","","","","","","","","-1.24%","","22.40%","",""
"7/23/2025","$20,706,000","0.45%","634.21","563.81","31.70%","8.21%","10.28%","","3.50%","","","","","","","","","","","","","","$20,706,000","$20,875,000","-0.82%","","0.03%","15.37","","","","","","","","","0.41%","","22.56%","",""
"7/24/2025","$20,370,000","-1.62%","634.42","565.01","29.56%","8.25%","10.52%","","1.82%","-1.62%","","","","","","","","","","","","","$20,370,000","$20,875,000","-2.48%","","0.42%","15.39","","","","","","","","","-2.05%","","22.72%","",""
"7/25/2025","$20,600,000","1.13%","637.1","566.37","31.02%","8.71%","10.79%","","2.97%","","-1.30%","","","","","","","","","","","","$20,600,000","$20,875,000","-1.33%","","-0.03%","14.93","","","","","","","","","1.15%","","22.88%","",""
"7/28/2025","$20,622,000","0.11%","636.94","568.14","31.16%","8.68%","11.13%","","3.08%","","","","","","","","","","","","","","$20,622,000","$20,875,000","-1.23%","","-0.26%","15.03","","","","","","","","","0.37%","","23.04%","",""
"7/29/2025","$20,670,000","0.23%","635.26","567.26","31.47%","8.39%","10.96%","","3.32%","","","","","","","","","","","","","","$20,670,000","$20,875,000","-0.99%","","-0.13%","15.98","","","","","","","","","0.36%","","23.20%","",""
"7/30/2025","$20,662,000","-0.04%","634.46","568.02","31.42%","8.25%","11.11%","","3.28%","-0.04%","","","","","","","","","","","","","$20,662,000","$20,875,000","-1.03%","","-0.38%","15.48","","","","","","","","","0.34%","","23.36%","",""
"7/31/2025","$20,561,000","-0.49%","632.08","565.01","30.77%","7.85%","10.52%","July","2.77%","-0.49%","","2.77%","2.30%","2.42%","","","","","","$597,000","","","$20,561,000","$20,875,000","-1.53%","","-1.64%","16.72","","","","","","","","","1.15%","","23.52%","",""
"8/1/2025","$20,584,000","0.11%","621.72","553.88","30.92%","6.08%","8.34%","","0.11%","","-0.08%","","","","","","","","","","","","$20,584,000","$20,875,000","-1.41%","10","1.52%","20.38","","","","","","","","","-1.41%","","23.68%","",""
"8/4/2025","$20,875,000","1.41%","631.17","564.1","32.77%","7.69%","10.34%","","1.53%","","","","","","","","","","","","","","$20,875,000","$20,875,000","0.00%","","-0.51%","17.52","","","","","","","","","1.92%","","23.84%","",""
"8/5/2025","$20,677,000","-0.95%","627.97","560.27","31.51%","7.15%","9.59%","","0.56%","-0.95%","","","","","","","","","","","","","$20,677,000","$20,875,000","-0.96%","","0.77%","17.85","","","","","","","","","-1.71%","","24.00%","",""
"8/6/2025","$20,853,000","0.85%","632.78","567.32","32.63%","7.97%","10.97%","","1.42%","","","","","","","","","","","","","","$20,853,000","$20,875,000","-0.11%","2","-0.08%","16.77","","","","","","","","","0.93%","","24.16%","",""
"8/7/2025","$20,980,000","0.61%","632.25","569.24","33.44%","7.88%","11.35%","","2.04%","","","","","","","","","","","","","","$20,980,000","$20,980,000","0.00%","","0.78%","16.57","","","","","","","","","-0.17%","","24.32%","",""
"8/8/2025","$20,945,000","-0.17%","637.18","574.55","33.22%","8.72%","12.39%","","1.87%","-0.17%","1.76%","","","","","","","","","","","","$20,945,000","$20,980,000","-0.17%","","-0.20%","15.15","","","","","","","","","0.03%","","24.48%","",""
"8/11/2025","$20,647,000","-1.42%","635.92","572.85","31.32%","8.50%","12.05%","","0.42%","-1.42%","","","","","","","","","","","","","$20,647,000","$20,980,000","-1.61%","2","1.06%","16.25","","","","","","","","","-2.49%","","24.64%","",""
"8/12/2025","$21,013,000","1.77%","642.69","580.05","33.65%","9.66%","13.46%","","2.20%","","","","","","","","","","","","","","$21,013,000","$21,013,000","0.00%","","0.34%","14.73","","","","","","","","","1.43%","","24.80%","",""
"8/13/2025","$21,006,000","-0.03%","644.89","580.34","33.60%","10.03%","13.52%","","2.16%","-0.03%","","","","","","","","","","","","","$21,006,000","$21,013,000","-0.03%","","0.01%","14.49","","","","","","","","","-0.04%","","24.96%","",""
"8/14/2025","$20,944,000","-0.30%","644.95","579.89","33.21%","10.04%","13.43%","","1.86%","-0.30%","","","","","","","","","","","","","$20,944,000","$21,013,000","-0.33%","","-0.23%","14.83","","","","","","","","","-0.06%","","25.12%","",""
"8/15/2025","$20,979,000","0.17%","643.44","577.34","33.43%","9.79%","12.93%","","2.03%","","0.19%","","","","","","","","","","","","$20,979,000","$21,013,000","-0.16%","3","-0.02%","15.09","","","","","","","","","0.19%","","25.28%","",""
"8/18/2025","$21,168,000","0.90%","643.3","577.11","34.63%","9.76%","12.89%","","2.95%","","","","","","","","","","","","","","$21,168,000","$21,168,000","0.00%","","-0.54%","14.99","","","","","","","","","1.44%","","25.44%","",""
"8/19/2025","$21,258,000","0.43%","639.81","569.28","35.21%","9.17%","11.35%","","3.39%","","","","","","","","","","","","","","$21,258,000","$21,258,000","0.00%","","-0.27%","15.57","","","","","","","","","0.69%","","25.60%","",""
"8/20/2025","$21,069,000","-0.89%","638.11","565.9","34.00%","8.88%","10.69%","","2.47%","-0.89%","","","","","","","","","","","","","$21,069,000","$21,258,000","-0.90%","","-0.40%","15.69","","","","","","","","","-0.49%","","25.76%","",""
"8/21/2025","$21,152,000","0.39%","635.55","563.28","34.53%","8.44%","10.18%","","2.87%","","","","","","","","","","","","","","$21,152,000","$21,258,000","-0.50%","","1.54%","16.6","","","","","","","","","-1.14%","","25.92%","",""
"8/22/2025","$21,243,000","0.43%","645.31","571.97","35.11%","10.11%","11.88%","","3.32%","","1.26%","","","","","","","","","","","","$21,243,000","$21,258,000","-0.07%","","-0.44%","14.22","","","","","","","","","0.87%","","26.08%","",""
"8/25/2025","$21,130,000","-0.53%","642.47","570.32","34.39%","9.62%","11.56%","","2.77%","-0.53%","","","","","","","","","","","","","$21,130,000","$21,258,000","-0.61%","","0.42%","14.79","","","","","","","","","-0.95%","","26.24%","",""
"8/26/2025","$21,068,000","-0.29%","645.16","572.61","34.00%","10.08%","12.01%","","2.46%","-0.29%","","","","","","","","","","","","","$21,068,000","$21,258,000","-0.90%","","0.23%","14.62","","","","","","","","","-0.52%","","26.40%","",""
"8/27/2025","$20,835,000","-1.11%","646.63","573.49","32.52%","10.33%","12.18%","","1.33%","-1.11%","","","","","","","","","","","","","$20,835,000","$21,258,000","-2.03%","","0.35%","14.85","","","","","","","","","-1.46%","","26.56%","",""
"8/28/2025","$20,912,000","0.37%","648.92","577.08","33.01%","10.72%","12.88%","","1.71%","","","","","","","","","","","","","","$20,912,000","$21,258,000","-1.65%","","-0.60%","14.43","","","","","","","","","0.97%","","26.72%","",""
"8/29/2025","$20,985,000","0.35%","645.05","570.4","33.47%","10.06%","11.57%","August","2.06%","","-1.21%","2.06%","2.05%","0.95%","","","","","","$424,000","","","$20,985,000","$21,258,000","-1.30%","","-0.74%","15.36","","","","","","","","","1.09%","","26.88%","",""
"9/2/2025","$22,093,000","0.04%","640.27","565.62","33.52%","9.25%","10.64%","","0.04%","","","","","","","","","","$1,100,000","","","","$22,093,000","$22,358,000","-1.20%","","0.54%","17.17","","","","","","","","","-0.50%","","27.04%","",""
"9/3/2025","$21,838,000","-1.15%","643.74","570.07","31.98%","9.84%","11.51%","","-1.12%","-1.15%","","","","","","","","","","","","","$21,838,000","$22,358,000","-2.38%","","0.84%","16.35","","","","","","","","","-1.99%","","27.20%","",""
"9/4/2025","$22,058,000","1.01%","649.12","575.23","33.31%","10.76%","12.52%","","-0.12%","","","","","","","","","","","","","","$22,058,000","$22,358,000","-1.36%","","-0.29%","15.3","","","","","","","","","1.30%","","27.36%","",""
"9/5/2025","$22,172,000","0.52%","647.24","576.06","34.00%","10.44%","12.68%","","0.40%","","0.41%","","","","","","","","","","","","$22,172,000","$22,358,000","-0.84%","","0.25%","15.18","9/5/2025","","","","","","","","0.27%","","27.52%","",""
"9/8/2025","$22,157,000","-0.07%","648.83","578.87","33.91%","10.71%","13.23%","","0.33%","-0.07%","","","","","","","","","","","","","$22,157,000","$22,358,000","-0.91%","","0.23%","15.11","9/8/2025","","","","","","","","-0.30%","","27.68%","",""
"9/9/2025","$22,182,000","0.11%","650.33","580.51","34.06%","10.96%","13.55%","","0.44%","","","","","","","","","","","","","","$22,182,000","$22,358,000","-0.79%","","0.29%","15.04","9/9/2025","","","","","","","","-0.18%","","27.84%","",""
"9/10/2025","$22,254,000","0.32%","652.21","580.7","34.49%","11.28%","13.59%","","0.77%","","","","","","","","","","","","","","$22,254,000","$22,358,000","-0.47%","15","0.83%","15.35","9/10/2025","","","","","","","","-0.51%","","28.00%","",""
"9/11/2025","$22,465,000","0.95%","657.63","584.08","35.77%","12.21%","14.25%","","1.72%","","","","","","","","","","","","","","$22,465,000","$22,465,000","0.00%","","-0.03%","14.71","9/11/2025","","","","","","","","0.98%","","28.16%","",""
"9/12/2025","$22,168,000","-1.32%","657.41","586.66","33.97%","12.17%","14.75%","","0.38%","-1.32%","0.00%","","","","","","","","","","","","$22,168,000","$22,465,000","-1.34%","","0.53%","14.76","9/12/2025","","","","","","","","-1.85%","","28.32%","",""
"9/15/2025","$22,098,000","-0.32%","660.91","591.68","33.55%","12.77%","15.74%","","0.06%","-0.32%","","","","","","","","","","","","","$22,098,000","$22,465,000","-1.66%","","-0.14%","15.69","9/15/2025","$19,598,000","","$2,500,000","","","","","-0.18%","","28.48%","",""
"9/16/2025","$22,148,000","0.23%","660","591.18","33.85%","12.61%","15.64%","","0.29%","","","","","","","","","","","","","","$22,148,000","$22,465,000","-1.43%","","-0.12%","16.36","9/16/2025","$19,639,000","0.21%","$2,509,000","0.36%","","","","0.35%","","28.64%","",""
"9/17/2025","$22,165,000","0.08%","659.18","590","33.96%","12.47%","15.41%","","0.36%","","","","","","","","","","","","","","$22,165,000","$22,465,000","-1.35%","","0.47%","15.72","9/17/2025","$8,649,000","0.00%","$13,516,000","0.00%","","","","-0.39%","","28.80%","",""
"9/18/2025","$22,175,000","0.05%","662.26","595.32","34.02%","13.00%","16.45%","","0.41%","","","","","","","","","","","","","","$22,175,000","$22,465,000","-1.31%","","0.22%","15.7","9/18/2025","$8,639,000","-0.12%","$13,536,000","0.15%","","-0.12%","","-0.17%","","28.96%","",""
"9/19/2025","$22,129,000","-0.21%","663.7","599.35","33.74%","13.24%","17.24%","","0.20%","-0.21%","-0.18%","","","","","","","","","","","","$22,129,000","$22,465,000","-1.52%","","0.47%","15.45","9/19/2025","$8,577,000","-0.72%","$13,552,000","0.12%","","-0.72%","","-0.68%","","29.12%","",""
"9/22/2025","$22,263,000","0.61%","666.84","602.2","34.55%","13.78%","17.79%","","0.81%","","","","","","","","","","","","","","$22,263,000","$22,465,000","-0.91%","","-0.54%","16.1","9/22/2025","$8,652,000","0.87%","$13,611,000","0.44%","","","","1.15%","","29.28%","",""
"9/23/2025","$22,415,000","0.68%","663.21","598.2","35.47%","13.16%","17.01%","","1.50%","","","","","","","","","","","","","","$22,415,000","$22,465,000","-0.22%","8","-0.32%","16.64","9/23/2025","$8,807,000","1.79%","$13,608,000","-0.02%","","","-0.02%","1.00%","","29.44%","",""
"9/24/2025","$22,496,000","0.36%","661.1","596.1","35.96%","12.80%","16.60%","","1.86%","","","","","","","","","","","","","","$22,496,000","$22,496,000","0.00%","","-0.46%","16.18","9/24/2025","$8,879,000","0.82%","$13,617,000","0.07%","","","","0.82%","","29.60%","",""
"9/25/2025","$22,466,000","-0.13%","658.05","593.53","35.77%","12.28%","16.10%","","1.73%","-0.13%","","","","","","","","","","","","","$22,466,000","$22,496,000","-0.13%","1","0.57%","16.74","9/25/2025","$8,877,000","-0.02%","$13,589,000","-0.21%","","-0.02%","-0.21%","-0.71%","","29.76%","",""
"9/26/2025","$22,535,000","0.31%","661.82","595.97","36.19%","12.92%","16.58%","","2.04%","","1.82%","","","","","","","","","","","","$22,535,000","$22,535,000","0.00%","","0.28%","15.29","9/26/2025","$8,905,000","0.32%","$13,630,000","0.30%","","","","0.03%","","29.92%","",""
"9/29/2025","$22,541,000","0.03%","663.68","598.73","36.23%","13.24%","17.12%","","2.07%","","","","","","","","","","","","","","$22,541,000","$22,541,000","0.00%","","0.38%","16.12","9/29/2025","$8,905,000","0.00%","$13,636,000","0.04%","","","","-0.35%","","30.08%","",""
"9/30/2025","$22,594,000","0.24%","666.18","600.37","36.55%","13.67%","17.44%","September","2.31%","","","2.31%","3.28%","5.25%","Q3","7.31%","7.82%","8.83%","","$509,000","","","$22,594,000","$22,594,000","0.00%","","0.34%","16.28","9/30/2025","$7,818,000","0.17%","$14,776,000","0.27%","","","","-0.11%","","30.24%","",""
"10/1/2025","$25,023,000","0.57%","668.45","603.25","37.33%","14.05%","18.00%","","0.57%","","","","","","","","","","$2,300,000","","","","$25,023,000","$25,023,000","0.00%","","0.12%","16.29","10/1/2025","$9,908,000","0.92%","$15,115,000","0.53%","","","","0.46%","","30.40%","",""
"10/2/2025","$25,204,000","0.72%","669.22","605.73","38.32%","14.19%","18.48%","","1.30%","","","","","","","","","","","","","","$25,204,000","$25,204,000","0.00%","","0.00%","16.63","10/2/2025","$10,006,000","0.99%","$15,198,000","0.55%","","","","0.72%","","30.56%","",""
"10/3/2025","$25,135,000","-0.27%","669.21","603.18","37.94%","14.18%","17.99%","","1.02%","-0.27%","1.28%","","","","","","","","","","","","$25,135,000","$25,204,000","-0.27%","1","0.36%","16.65","10/3/2025","$9,977,000","-0.29%","$15,158,000","-0.26%","","-0.29%","-0.26%","-0.63%","","30.72%","",""
"10/6/2025","$25,351,000","0.86%","671.61","607.71","39.13%","14.59%","18.87%","","1.89%","","","","","","","","","","","","","","$25,351,000","$25,351,000","0.00%","","-0.37%","16.37","10/6/2025","$10,148,000","1.71%","$15,203,000","0.30%","","","","1.23%","","30.88%","",""
"10/7/2025","$25,514,000","0.64%","669.12","604.51","40.02%","14.17%","18.25%","","2.54%","","","","","","","","","","","","","","$25,514,000","$25,514,000","0.00%","","0.60%","17.24","10/7/2025","$10,273,000","1.23%","$15,241,000","0.25%","","","","0.05%","","31.04%","",""
"10/8/2025","$25,787,000","1.07%","673.11","611.44","41.52%","14.85%","19.60%","","3.64%","","","","","","","","","","","","","","$25,787,000","$25,787,000","0.00%","","-0.29%","16.3","10/8/2025","$10,437,000","1.60%","$15,350,000","0.72%","","","","1.36%","","31.20%","",""
"10/9/2025","$25,838,000","0.20%","671.16","610.7","41.80%","14.52%","19.46%","","3.85%","","","","","","","","","","","","","","$25,838,000","$25,838,000","0.00%","","-2.70%","16.43","10/9/2025","$10,458,000","0.20%","$15,380,000","0.20%","","","","2.90%","","31.36%","",""
"10/10/2025","$25,965,900","0.50%","653.02","589.5","42.50%","11.42%","15.31%","","4.36%","","3.27%","","","","","","","","","","","","$25,965,900","$25,965,900","0.00%","","1.53%","21.66","10/10/2025","$10,363,000","-0.91%","$15,602,900","1.45%","","-0.91%","","-1.04%","","31.52%","",""
"10/13/2025","$26,039,000","0.28%","663.04","602.01","42.90%","13.13%","17.76%","","4.65%","","","","","","","","","","","","","","$26,039,000","$26,039,000","0.00%","","-0.12%","19.03","10/13/2025","$10,367,000","0.04%","$15,672,000","0.44%","","","","0.40%","","31.68%","",""
"10/14/2025","$25,396,000","-2.47%","662.23","598","39.38%","12.99%","16.97%","","2.07%","-2.47%","","","","","","","","","","","","","$25,396,000","$26,039,000","-2.53%","","0.44%","20.81","10/14/2025","$10,104,000","-2.54%","$15,292,000","-2.42%","","-2.54%","-2.42%","-2.91%","","31.84%","",""
"10/15/2025","$25,197,000","-0.78%","665.17","602.22","38.28%","13.49%","17.80%","","1.27%","-0.78%","","","","","","","","","","","","","$25,197,000","$26,039,000","-3.34%","","-0.68%","20.64","10/15/2025","$10,069,000","-0.35%","$15,128,000","-1.07%","","-0.35%","-1.07%","-0.10%","","32.00%","",""
"10/16/2025","$25,062,000","-0.54%","660.64","599.99","37.54%","12.72%","17.36%","","0.73%","-0.54%","","","","","","","","","","","","","$25,062,000","$26,039,000","-3.90%","","0.57%","25.31","10/16/2025","$10,133,000","0.64%","$14,929,000","-1.32%","","","-1.32%","","","32.16%","",""
"10/17/2025","$25,226,000","0.65%","664.39","603.93","38.44%","13.36%","18.13%","","1.39%","","-2.85%","","","","","","","","","","","","$25,226,000","$26,039,000","-3.22%","","1.04%","20.78","10/17/2025","$10,194,000","0.60%","$15,032,000","0.69%","","","","","","32.32%","",""
"10/20/2025","$25,399,000","0.69%","671.3","611.54","39.39%","14.54%","19.62%","","2.08%","","","","","","","","","","","","","","$25,399,000","$26,039,000","-2.52%","","0.00%","18.23","10/20/2025","$10,289,000","0.93%","$15,110,000","0.52%","","","","","","32.48%","",""
"10/21/2025","$25,404,000","0.02%","671.29","611.38","39.42%","14.54%","19.59%","","2.10%","","","","","","","","","","","","","","$25,404,000","$26,039,000","-2.50%","","-0.52%","17.87","10/21/2025","$10,236,000","-0.52%","$15,168,000","0.38%","","-0.52%","","","","32.64%","",""
"10/22/2025","$25,163,000","-0.95%","667.8","605.49","38.10%","13.94%","18.44%","","1.13%","-0.95%","","","","","","","","","","","","","$25,163,000","$26,039,000","-3.48%","","0.59%","18.6","10/22/2025","$10,167,000","-0.67%","$14,996,000","-1.13%","","-0.67%","-1.13%","","","32.80%","",""
"10/23/2025","$25,321,000","0.63%","671.76","610.58","38.96%","14.62%","19.43%","","1.77%","","","","","","","","","","","","","","$25,321,000","$26,039,000","-2.84%","","0.82%","17.3","10/23/2025","$10,274,000","1.05%","$15,047,000","0.34%","","","","","","32.96%","",""
"10/24/2025","$25,352,600","0.12%","677.25","617.1","39.14%","15.56%","20.71%","","1.90%","","0.51%","","","","","","","","","","","","$25,352,600","$26,039,000","-2.71%","","1.18%","16.37","10/24/2025","$10,237,000","-0.36%","$15,115,600","0.46%","","-0.36%","","","","33.12%","",""
"10/27/2025","$25,504,000","0.60%","685.24","628.09","39.97%","16.92%","22.86%","","2.50%","","","","","","","","","","","","","","$25,504,000","$26,039,000","-2.10%","","0.27%","15.79","10/27/2025","$10,300,000","0.62%","$15,204,000","0.58%","","","","","","33.28%","",""
"10/28/2025","$25,410,000","-0.37%","687.06","632.92","39.45%","17.23%","23.80%","","2.13%","-0.37%","","","","","","","","","","","","","$25,410,000","$26,039,000","-2.48%","","0.05%","16.42","10/28/2025","$10,222,000","-0.76%","$15,188,000","-0.11%","","-0.76%","-0.11%","","","33.44%","",""
"10/29/2025","$25,327,000","-0.33%","687.39","635.77","39.00%","17.29%","24.36%","","1.79%","-0.33%","","","","","","","","","","","","","$25,327,000","$26,039,000","-2.81%","","-1.10%","16.92","10/29/2025","$10,262,000","0.39%","$15,065,000","-0.81%","","","-0.81%","","","33.60%","",""
"10/30/2025","$25,381,300","0.21%","679.83","626.05","39.29%","16.00%","22.46%","","2.01%","","","","","","","","","","","","","","$25,381,300","$26,039,000","-2.59%","","0.33%","16.91","10/30/2025","$10,268,000","0.06%","$15,113,300","0.32%","","","","","","33.76%","",""
"10/31/2025","$25,337,000","-0.17%","682.06","629.07","39.05%","16.38%","23.05%","October","1.83%","-0.17%","-0.06%","1.83%","2.38%","4.78%","","","","","","$443,000","","","$25,337,000","$26,039,000","-2.77%","","0.19%","17.44","10/31/2025","$10,249,000","-0.19%","$15,088,000","-0.17%","","-0.19%","-0.17%","","","33.92%","",""
"11/3/2025","$26,196,000","0.63%","683.34","632.08","39.92%","16.60%","23.64%","","0.63%","","","","","","","","","","$700,000","","","","$26,196,000","$26,739,000","-2.07%","","-1.19%","17.17","11/3/2025","$10,991,000","0.38%","$15,205,000","0.78%","","","","","","34.08%","",""
"11/4/2025","$26,361,000","0.63%","675.24","619.25","40.81%","15.21%","21.13%","","1.26%","","","","","","","","","","","","","","$26,361,000","$26,739,000","-1.43%","","0.35%","19","11/4/2025","$11,098,000","0.97%","$15,263,000","0.38%","","","","","","34.24%","",""
"11/5/2025","$26,298,000","-0.24%","677.58","623.28","40.47%","15.61%","21.92%","","1.02%","-0.24%","","","","","","","","","","","","","$26,298,000","$26,739,000","-1.68%","","-1.07%","18.01","11/5/2025","$10,977,000","-1.09%","$15,321,000","0.38%","","-1.09%","","","","34.40%","",""
"11/6/2025","$26,285,000","-0.05%","670.31","611.67","40.40%","14.37%","19.65%","","0.97%","-0.05%","","","","","","","","","","","","","$26,285,000","$26,739,000","-1.73%","","0.10%","19.5","11/6/2025","$10,965,000","-0.11%","$15,320,000","-0.01%","","-0.11%","-0.01%","","","34.56%","",""
"11/7/2025","$26,313,000","0.11%","670.97","609.74","40.55%","14.48%","19.27%","","1.08%","","1.08%","","","","","","","","","","","","$26,313,000","$26,739,000","-1.62%","","1.56%","19.08","11/7/2025","$10,965,000","0.00%","$15,348,000","0.18%","","","","","","34.72%","",""
"11/10/2025","$26,343,000","0.11%","681.44","623.23","40.71%","16.27%","21.91%","","1.19%","","","","","","","","","","","","","","$26,343,000","$26,739,000","-1.50%","","0.23%","17.6","11/10/2025","$10,968,000","0.03%","$15,375,000","0.18%","","","","","","34.88%","",""
"11/11/2025","$26,388,000","0.17%","683","621.57","40.95%","16.54%","21.58%","","1.37%","","","","","","","","","","","","","","$26,388,000","$26,739,000","-1.33%","","0.06%","17.28","11/11/2025","$10,973,000","0.05%","$15,415,000","0.26%","","","","","","35.04%","",""
"11/12/2025","$26,556,000","0.64%","683.38","621.08","41.85%","16.60%","21.49%","","2.01%","","","","","","","","","","","","","","$26,556,000","$26,739,000","-0.69%","","-1.66%","17.51","11/12/2025","$11,036,000","0.57%","$15,520,000","0.68%","","","","","","35.20%","",""
"11/13/2025","$26,510,000","-0.17%","672.04","608.4","41.60%","14.67%","19.01%","","1.83%","-0.17%","","","","","","","","","","","","","$26,510,000","$26,739,000","-0.86%","","-0.02%","20","11/13/2025","$10,997,000","-0.35%","$15,513,000","-0.05%","","-0.35%","-0.05%","","","35.36%","",""
"11/14/2025","$26,612,000","0.38%","671.93","608.86","42.15%","14.65%","19.10%","","2.23%","","1.13%","","","","","","","","","","","","$26,612,000","$26,739,000","-0.48%","","-0.93%","19.83","11/14/2025","$11,072,000","0.68%","$15,540,000","0.17%","","","","","","35.52%","",""
"11/17/2025","$26,506,000","-0.40%","665.67","603.66","41.58%","13.58%","18.08%","","1.82%","-0.40%","","","","","","","","","","","","","$26,506,000","$26,739,000","-0.88%","","-0.84%","22.38","11/17/2025","$11,020,000","-0.47%","$15,486,000","-0.35%","","-0.47%","-0.35%","","","35.68%","",""
"11/18/2025","$26,533,000","0.10%","660.08","596.31","41.72%","12.63%","16.64%","","1.92%","","","","","","","","","","","","","","$26,533,000","$26,739,000","-0.78%","","0.39%","24.69","11/18/2025","$10,979,000","-0.37%","$15,554,000","0.44%","","-0.37%","","","","35.84%","",""
"11/19/2025","$26,474,000","-0.22%","662.63","599.87","41.41%","13.06%","17.34%","","1.70%","-0.22%","","","","","","","","","","","","","$26,474,000","$26,739,000","-1.00%","","-1.52%","23.66","11/19/2025","$10,987,000","0.07%","$15,487,000","-0.43%","","","-0.43%","","","36.00%","",""
"11/20/2025","$26,387,000","-0.33%","652.53","585.67","40.94%","11.34%","14.56%","","1.36%","-0.33%","","","","","","","","","","","","","$26,387,000","$26,739,000","-1.33%","","1.00%","26.42","11/20/2025","$11,119,000","1.20%","$15,268,000","-1.41%","","","-1.41%","","","36.16%","",""
"11/21/2025","$26,227,000","-0.61%","659.03","590.07","40.09%","12.45%","15.42%","","0.75%","-0.61%","-1.45%","","","","","","","","","","","","$26,227,000","$26,739,000","-1.95%","","1.47%","23.43","11/21/2025","$11,001,000","-1.06%","$15,226,000","-0.28%","","-1.06%","-0.28%","","","36.32%","",""
"11/24/2025","$26,253,000","0.10%","668.73","605.16","40.23%","14.10%","18.37%","","0.85%","","","","","","","","","","","","","","$26,253,000","$26,739,000","-1.85%","","0.94%","20.52","11/24/2025","$10,985,000","-0.15%","$15,268,000","0.28%","","-0.15%","","","","36.48%","",""
"11/25/2025","$26,163,000","-0.34%","675.02","608.89","39.75%","15.18%","19.10%","","0.50%","-0.34%","","","","","","","","","","","","","$26,163,000","$26,739,000","-2.20%","","0.69%","18.56","11/25/2025","$10,923,000","-0.56%","$15,240,000","-0.18%","","-0.56%","-0.18%","","","36.64%","",""
"11/26/2025","$26,158,000","-0.02%","679.68","614.27","39.72%","15.97%","20.16%","","0.48%","-0.02%","","","","","","","","","","","","","$26,158,000","$26,739,000","-2.22%","","0.55%","17.19","11/26/2025","$10,923,000","0.00%","$15,235,000","-0.03%","","","-0.03%","","","36.80%","",""
"11/28/2025","$26,161,000","0.01%","683.39","619.25","39.74%","16.60%","21.13%","November","0.49%","","-0.86%","0.49%","0.19%","-1.56%","","","","","","$124,000","","","$26,161,000","$26,739,000","-2.21%","","-0.46%","16.35","11/28/2025","$10,926,000","0.03%","$15,235,000","0.00%","","","","","","36.96%","",""
"12/1/2025","$27,096,000","-0.25%","680.27","617.17","39.39%","16.07%","20.72%","","-0.25%","-0.25%","","","","","","","","","$1,000,000","","","","$27,096,000","$27,739,000","-2.37%","","0.19%","17.24","12/1/2025","$11,866,000","-0.50%","$15,230,000","-0.03%","","-0.50%","-0.03%","","","37.12%","",""
"12/2/2025","$27,003,000","-0.34%","681.53","622","38.91%","16.29%","21.67%","","-0.59%","-0.34%","","","","","","","","","","","","","$27,003,000","$27,739,000","-2.73%","","0.35%","16.59","12/2/2025","$11,746,000","-1.01%","$15,257,000","0.18%","","-1.01%","","","","37.28%","",""
"12/3/2025","$27,229,000","0.84%","683.89","623.52","40.07%","16.69%","21.96%","","0.24%","","","","","","","","","","","","","","$27,229,000","$27,739,000","-1.87%","","0.07%","16.08","12/3/2025","$11,875,000","1.10%","$15,354,000","0.64%","","","","","","37.44%","",""
"12/4/2025","$27,092,000","-0.50%","684.39","622.94","39.37%","16.77%","21.85%","","-0.26%","-0.50%","","","","","","","","","","","","","$27,092,000","$27,739,000","-2.39%","","0.19%","15.78","12/4/2025","$11,836,000","-0.33%","$15,256,000","-0.64%","","-0.33%","-0.64%","","","37.60%","",""
"12/5/2025","$27,038,000","-0.20%","685.69","625.48","39.09%","17.00%","22.35%","","-0.46%","-0.20%","-0.46%","","","","","","","","","","","","$27,038,000","$27,739,000","-2.59%","","-0.30%","15.41","12/5/2025","$11,760,000","-0.64%","$15,278,000","0.14%","","-0.64%","","","","37.76%","",""
"12/8/2025","$27,074,000","0.13%","683.63","624.28","39.28%","16.64%","22.11%","","-0.33%","","","","","","","","","","","","","","$27,074,000","$27,739,000","-2.46%","","-0.09%","16.66","12/8/2025","$11,764,000","0.03%","$15,310,000","0.21%","","","","","","37.92%","",""
"12/9/2025","$27,199,000","0.46%","683.04","625.05","39.92%","16.54%","22.26%","","0.13%","","","","","","","","","","","","","","$27,199,000","$27,739,000","-1.99%","","0.66%","16.93","12/9/2025","$11,830,000","0.56%","$15,369,000","0.39%","","","","","","38.08%","",""
"12/10/2025","$27,215,000","0.06%","687.57","627.61","40.00%","17.32%","22.76%","","0.19%","","","","","","","","","","","","","","$27,215,000","$27,739,000","-1.93%","","0.23%","15.77","12/10/2025","$11,858,000","0.24%","$15,357,000","-0.08%","","","-0.08%","","","38.24%","",""
"12/11/2025","$27,145,000","-0.26%","689.17","625.58","39.64%","17.59%","22.37%","","-0.07%","-0.26%","","","","","","","","","","","","","$27,145,000","$27,739,000","-2.19%","","-1.08%","14.85","12/11/2025","$11,821,000","-0.31%","$15,324,000","-0.21%","","-0.31%","-0.21%","","","38.40%","",""
"12/12/2025","$27,124,000","-0.08%","681.76","613.62","39.53%","16.33%","20.03%","","-0.15%","-0.08%","0.32%","","","","","","","","","","","","$27,124,000","$27,739,000","-2.27%","","-0.15%","15.74","12/12/2025","$11,827,000","0.05%","$15,297,000","-0.18%","","","-0.18%","","","38.56%","",""
"12/15/2025","$27,130,000","0.02%","680.73","610.54","39.56%","16.15%","19.43%","","-0.12%","","","","","","","","","","","","","","$27,130,000","$27,739,000","-2.24%","","-0.27%","16.5","12/15/2025","$11,787,000","-0.34%","$15,343,000","0.30%","","-0.34%","","","","38.72%","",""
"12/16/2025","$26,897,700","-0.86%","678.87","611.75","38.37%","15.83%","19.66%","","-0.98%","-0.86%","","","","","","","","","","","","","$26,897,700","$27,739,000","-3.13%","","-1.10%","16.48","12/16/2025","$11,615,000","-1.46%","$15,282,700","-0.39%","","-1.46%","-0.39%","","","38.88%","",""
"12/17/2025","$27,148,000","0.93%","671.4","600.41","39.66%","14.56%","17.44%","","-0.06%","","","","","","","","","","","","","","$27,148,000","$27,739,000","-2.18%","","0.76%","17.62","12/17/2025","$11,794,000","1.54%","$15,354,000","0.47%","","","","","","39.04%","",""
"12/18/2025","$26,902,000","-0.91%","676.47","609.11","38.39%","15.42%","19.15%","","-0.96%","-0.91%","","","","","","","","","","","","","$26,902,000","$27,739,000","-3.11%","","0.61%","16.87","12/18/2025","$11,597,000","-1.67%","$15,305,000","-0.32%","","-1.67%","-0.32%","","","39.20%","",""
"12/19/2025","$27,010,000","0.40%","680.59","617.05","38.95%","16.13%","20.70%","","-0.57%","","-0.41%","","","","","","","","","","","","$27,010,000","$27,739,000","-2.70%","","0.62%","14.91","12/19/2025","$11,688,000","0.78%","$15,322,000","0.11%","","","","","","39.36%","",""
"12/22/2025","$27,109,000","0.37%","684.83","619.21","39.46%","16.85%","21.12%","","-0.20%","","","","","","","","","","","","","","$27,109,000","$27,739,000","-2.32%","","0.46%","14.08","12/22/2025","$11,725,000","0.32%","$15,384,000","0.40%","","","","","","39.52%","",""
"12/23/2025","$27,250,000","0.52%","687.96","622.11","40.18%","17.38%","21.69%","","0.32%","","","","","","","","","","","","","","$27,250,000","$27,739,000","-1.79%","","0.35%","14","12/23/2025","$11,794,000","0.59%","$15,456,000","0.47%","","","","","","39.68%","",""
"12/24/2025","$27,265,000","0.06%","690.38","623.93","40.26%","17.80%","22.04%","","0.37%","","","","","","","","","","","","","","$27,265,000","$27,739,000","-1.74%","","-0.01%","13.47","12/24/2025","$11,799,000","0.04%","$15,466,000","0.06%","","","","","","39.84%","",""
"12/26/2025","$27,401,000","0.50%","690.31","623.89","40.96%","17.78%","22.04%","","0.87%","","1.44%","","","","","","","","","","","","$27,401,000","$27,739,000","-1.23%","","-0.36%","13.6","12/26/2025","$11,891,000","0.78%","$15,510,000","0.28%","","","","","","40.00%","",""
"12/29/2025","$27,368,000","-0.12%","687.85","620.87","40.79%","17.36%","21.45%","","0.75%","-0.12%","","","","","","","","","","","","","$27,368,000","$27,739,000","-1.36%","","-0.12%","14.2","12/29/2025","$11,895,000","0.03%","$15,473,000","-0.24%","","","-0.24%","","","40.16%","",""
"12/30/2025","$27,357,000","-0.04%","687.01","619.43","40.73%","17.22%","21.16%","","0.71%","-0.04%","","","","","","","","","","","","","$27,357,000","$27,739,000","-1.40%","","-0.74%","14.33","12/30/2025","$11,844,000","-0.43%","$15,513,000","0.26%","","-0.43%","","","","40.32%","",""
"12/31/2025","$27,393,000","0.13%","681.92","614.31","40.92%","16.35%","20.16%","December","0.84%","","-0.03%","0.84%","-0.22%","-0.80%","Q4","3.20%","2.36%","2.32%","","$297,000","","","$27,393,000","$27,739,000","-1.26%","","-100.00%","14.95","12/31/2025","$11,845,000","0.01%","$15,548,000","0.23%","","","","","","40.48%","",""